{
    "dataset": ["cifar10"],
    "edgegpu_latency": 0.0001,
    "edgegpu_energy": 24.226614330768584,
    "raspi4_latency": 10.481976820010459,
    "edgetpu_latency": 0.9571811309997429,
    "pixel3_latency": 3.6058499999999998,
    "eyeriss_latency": 3.645620000000001,
    "eyeriss_energy": 0.6872827644999999,
    "eyeriss_arithmetic_intensity": 6.289297634665844,
    "fpga_latency": 4.72496 ,
    "fpga_energy": 18.01072,
    "average_hw_metric": 591005.8676719831,
    "train_accuracy": 0.99998,
    "train_loss": 0.000000,
    "validation_accuracy": 0.098,
    "validation_loss": 0.000000
}
